Location Name,Year,Mo,Dy,Latitude,Longitude,Total Deaths,Mag
PERU,1471,NA,NA,-16.3,-71,NA,8
PERU,1513,NA,NA,-17.2,-72.3,NA,8.7
VENEZUELA:  CUMANA,1530,9,1,10.5,-64.2,4,8
PERU,1552,7,2,-16.6,-71.3,NA,7.6
PERU,1555,11,15,-11.9,-77.6,NA,8.4
ECUADOR,1556,10,17,-0.2,-78.6,NA,7.6
CHILE,1562,10,28,-38.7,-73.5,NA,8
COLOMBIA,1566,NA,NA,3,-77.3,NA,7.8
CHILE:  OLD CONCEPCION,1570,2,8,-36.75,-73,2000,8.3
ECUADOR,1575,9,8,-0.2,-78.6,NA,7.8
CHILE:  VALDIVIA,1575,12,16,-39.8,-73.2,1321,8.5
PERU:  YANAOCA,1581,NA,NA,-14.1,-71.5,NA,6.4
"PERU:  SOCABAYA,AREQUIPA",1582,1,22,-16.6,-71.6,NA,8.2
PERU,1582,8,15,-12.2,-77.6,NA,7.8
PERU,1584,3,17,-11.8,-77.8,NA,8.4
PERU:  LIMA,1586,7,10,-12.3,-77.7,22,8.5
PERU:  PIURA,1587,7,9,-5.3,-80.5,NA,6.2
"PERU:  CUSCO, CAMANA",1590,NA,NA,-17.2,-72.9,NA,7.7
PERU:  VOLCAN HUAYNAPUTINA,1600,2,19,-16.8,-70.9,1500,7.9
PERU:  OMATE,1600,2,28,-16.6,-70.8,NA,8.1
PERU:  AREQUIPA; CHILE: ARICA,1604,11,24,-17.88,-70.94,174,8.5
PERU,1609,10,20,-11.9,-77.4,NA,8.6
"VENEZUELA:  LA GRITA,BAILADORES,MERIDA",1610,2,3,8.3,-71.8,NA,7.9
CHILE:  ARICA,1615,9,16,-18.5,-70.35,NA,7.5
"PERU:  TRUJILLO, PIURA, SANTA",1619,2,14,-7.941,-79.038,350,8.6
PERU:  LIMA,1630,11,27,-12.2,-77.5,NA,8.1
ECUADOR,1641,1,10,-1.5,-78.5,NA,7.6
"COLOMBIA:  PAMPLOMA,HERRAN; VENEZUELA: MERIDA",1644,1,16,7.38,-72.65,NA,6.9
ECUADOR,1645,2,19,-1.7,-78.6,NA,7.5
CHILE:  SANTIAGO,1647,5,14,-33.4,-70.6,1000,8.5
"PERU:  CUZCO,COLLAO,LIMA; BOLIVIA:  SICASICA",1650,3,31,-13.5,-72,NA,8.1
"PERU:  LIMA, CALLAO",1655,11,13,-12.3,-77.6,NA,7.7
"CHILE:  CONCEPCION, CHILLAN",1657,3,15,-36.83,-73.03,40,8
ECUADOR,1660,10,27,-0.2,-78.5,NA,7.7
ECUADOR,1662,1,1,-0.2,-78.4,NA,5.4
"PERU:  ICA, PISCO",1664,5,12,-14.1,-75.8,400,7.3
"ECUADOR:  CHIMBORAZO,BOLIVAR,QUITO",1674,8,29,-1.7,-79,NA,7.7
"PERU:  LIMA,SALINAS-HUAURA,LIMA,CALLAO,CHANCAY",1678,6,18,-9,-79,NA,8.4
CHILE,1681,3,10,-18.5,-70.35,NA,7.5
CHILE:  SANTIAGO,1687,7,12,-32.8,-70.7,NA,7.5
PERU:  LIMA,1687,10,20,-13.5,-76.5,5000,8.5
ECUADOR,1687,11,22,-1.3,-78.6,NA,7.3
ECUADOR:  TIXAN,1689,3,NA,-2.2,-78.9,NA,6.8
"ARGENTINA:  SANTIAGO, ESTECO, RIO DE LAS PIEDRAS",1692,9,13,-25.4,-64.8,NA,7
"ECUADOR:  TUNGURAHUA,COTOPAXI,CHIMBORAZO",1698,6,20,-1.2,-78.7,6500,7.7
PERU:  LIMA,1699,7,14,-12.1,-76.6,NA,7.8
PERU:  CUZCO,1707,9,17,-13,-72,NA,5.8
"PERU:  MOQUEGUA, AREQUIPA; CHILE:  ARICA",1715,8,23,-17.3,-70.8,NA,7.5
PERU:  PUEBLO DE TORATA IN TACNA,1716,2,6,-17.2,-71.2,NA,8.8
PERU,1716,2,11,-13.7,-76,NA,8.6
"PERU: TRUJILLO, ANCASH, LIMA",1725,1,7,-9,-79,1500,7.7
PERU:  AREQUIPA,1725,1,8,-16.4,-70.8,NA,7.6
CHILE:  VALPARAISO,1730,7,8,-32.5,-71.5,5,9.1
COLOMBIA:  POPAYAN,1735,2,2,2.6,-76.5,NA,4.5
"CHILE: VALDIVIA, CHILOE",1737,12,24,-43,-74,NA,8
"PERU:  LIMA, CALLAO",1746,10,29,-11.996,-77.198,5941,8
"CHILE:  CONCEPCION, CHILLAN, TALCA, TUTUBEN, CURICO",1751,5,25,-36.83,-71.63,65,8.5
"ECUADOR:  PICHINCHA, QUITO",1755,4,26,-0.2,-78.5,NA,7
"ECUADOR:  COTOPAXI,TUNGURAHUA, LATACUNGA",1757,2,22,-0.9,-78.6,NA,7
"VENEZUELA:  CUMANA, SAN JUAN BAUTISTA; TRINIDAD",1766,10,21,10.47,-64.17,NA,7.5
"PERU:  AREQUIPA,CAMANA,MOQUEGUA,TAMBO",1784,5,13,-16.5,-72,383,8
"CHILE:  COPIAPO, VALLENAR, HUASCO, COQUIMBO",1796,3,30,-27.35,-70.35,NA,7.7
"ECUADOR:  RIOBAMBA, QUITO, CUZCO",1797,2,4,-1.64,-78.67,40000,8.3
COLOMBIA:  CARTAGO,1799,9,NA,7.5,-73.5,NA,5
"COLOMBIA:  HONDA,MARIQUITA",1805,6,16,5.37,-74.87,200,6.1
PERU:  LIMA,1806,12,1,-12.1,-77.1,NA,7.5
VENEZUELA:  LA GUAIRA,1812,3,26,10.6,-66.9,26000,7.7
CHILE:  COPIAPO,1819,4,3,-27.4,-70.3,NA,8
CHILE:  COPIAPO,1819,4,4,-27.4,-70.3,NA,8
CHILE:  COPIAPO,1819,4,12,-27,-71.5,NA,8.5
"CHILE:  VALPARAISO, QUILLOTA, CONCON,  ACONCAGUA",1822,11,20,-33,-72,72,8.5
"COLOMBIA:  ENGATIVA,BOGOTA,RAMIRIQUI,UMBITA,TUNJA",1826,6,18,4.6,-73.9,NA,8.2
"COLOMBIA:  BOGOTA, NEIVA, POPAYAN, PASTO, HUILA",1827,11,16,1.8,-76.4,250,7
"PERU:  LIMA, CALLAO",1828,3,30,-12.13,-77.809,30,8.3
CHILE:  VALPARAISO,1829,9,26,-33.05,-71.63,NA,7
"CHILE: PERU:  TACNA,ARICA,AREQUIPA",1831,10,9,-18.5,-71,NA,7.8
PERU-CHILE:  PERU:  TACNA; CHILE:  ARICA,1833,9,18,-18.251,-71.01,700,7.7
"COLOMBIA:  PUTUMAYO,PASTO, POPAYAN, SANTA MARTA",1834,1,20,1.1,-76.93,NA,6.7
CHILE:  CONCEPCION,1835,2,20,-36.83,-73.03,53,8.2
CHILE:  COBIJA,1836,7,3,-22.6,-70.3,NA,7.5
CHILE:  VALDIVIA,1837,11,7,-42.5,-74,16,8.5
COLOMBIA:  MAGDALENA RIVER,1845,2,19,4.5,-75.4,1000,4
PERU,1846,6,28,-14,-76.8,NA,7.9
CHILE:  COQUIMBO,1847,10,8,-31.61,-71.18,NA,7.3
VENEZUELA:  TACHIRA (LOBATERA),1849,2,26,7.3,-72.3,NA,6
CHILE:  COQUIMBO,1849,11,17,-29.95,-71.37,NA,7.5
COLOMBIA:  CARTAGENA,1851,2,2,10.4,-76.4,NA,5
CHILE:  VALPARAISO,1851,4,2,-33.32,-71.42,NA,7.1
CHILE:  COPIAPO,1851,5,26,-27.35,-70.35,NA,7.2
VENEZUELA:  CUMANA,1853,7,15,10.5,-64.2,1000,6.7
CHILE:  LA SERENA,1858,4,24,-30,-71.4,NA,6.5
CHILE,1859,10,5,-27.35,-70.35,10,7.6
CHILE:  ARICA,1868,8,13,-18.6,-71,25000,8.5
CHILE:  ARICA,1868,8,14,-18.6,-71,NA,8.5
"ECUADOR:  EL ANGEL, CONCEPCION",1868,8,15,0.81,-77.72,NA,8
"ECUADOR:  GUAYAQUIL,IBARRA; COLOMBIA:  SAN PABLO",1868,8,16,0.31,-78.18,70000,7.7
CHILE:  IQUIQUE,1869,8,21,-21,-70,NA,6.8
"CHILE:  IQUIQUE, PICA; PERU:  TACNA",1869,8,24,-19.6,-70.23,NA,7.5
CHILE:  CENTRAL,1871,3,25,-35,-72.5,NA,7.5
CHILE,1871,10,5,-20.2,-70.2,NA,7.3
PERU:  AREQUIPA,1872,1,10,-16.4,-71.5,NA,6.5
VENEZUELA:  PILAR,1874,8,18,10.5,-63.1,NA,5.9
"COLOMBIA:  CUCUTA,SAN CAYETANO,VILLA DEL ROSARIO",1875,5,18,7.9,-72.5,1001,7.5
CHILE:  OFF NORTH COAST,1877,5,10,-21.5,-70.5,2385,8.3
CHILE:  TARAPACA,1878,1,23,-19.92,-70.335,NA,7.9
"VENEZUELA:  CUA, CHARALLAVE, SAN DIEGO",1878,4,12,10.3,-66.8,400,5.9
CHILE:  ILLAPEL,1880,8,15,-31.62,-71.18,2,7.7
"COLOMBIA:  ANTIOQUIA, YARUMAL",1883,3,9,7.4,-76.9,NA,6
BRAZIL; FRENCH GUIANA; SURINAME; GUYANA,1885,8,4,3.4,-52.9,NA,6.9
"VENEZUELA:  MERIDA,TOVAR; COLOMBIA: N SANTANDER",1894,4,29,8.5,-71.7,NA,8.2
"ARGENTINA:  LA RIOJA, SAN JUAN, MENDOZA",1894,10,27,-32,-68.5,NA,7.5
PERU,1897,9,20,-11.9,-76.8,NA,7.7
CHILE:  CONCEPCION,1898,7,23,-36.83,-73.03,6,6.5
BOLIVIA:  SOUTHERN,1899,3,23,-21.97,-63.67,NA,6.9
COLOMBIA,1900,9,18,4.6,-74,NA,7.9
VENEZUELA:  MACUTO,1900,10,29,11,-66,25,7.7
ECUADOR:  ESMERALDAS,1901,1,7,-2,-82,NA,7.8
COLOMBIA,1903,8,8,4.6,-74,NA,7.7
"CHILE:  VALLENAR, FREIRINA",1903,12,7,-28.5,-71,NA,6.5
PANAMA-COLOMBIA,1904,1,20,7,-79,NA,7.9
ECUADOR,1904,11,1,-1,-80.5,NA,7.7
ECUADOR:  OFF COAST,1906,1,31,0.955,-79.369,1000,8.8
COLOMBIA,1906,2,3,3.5,-76.2,NA,7.7
COLOMBIA,1906,7,11,4.6,-74,NA,7.7
COLOMBIA,1906,7,14,4.6,-74,NA,7.7
CHILE:  SOUTH CENTRAL,1906,8,17,-33,-72,4000,8.2
ECUADOR,1906,9,28,-2,-79,NA,7.9
PERU:  OFF SOUTH COAST,1906,12,26,-18,-71,NA,7.9
PERU,1907,2,23,-13.2,-75.4,NA,7.6
CHILE,1909,6,8,-26.5,-70.5,NA,7.6
CHILE:  NORTHERN,1911,9,15,-20,-72,NA,7.3
"PERU:  HUANCABAMBA,CAJAMARCA; ECUADOR:  GUAYAQUIL",1912,7,24,-5.62,-80.413,NA,7
ARGENTINA:   SANTIAGO DEL ESTERO PROVINCE,1912,12,7,-29,-62.5,NA,7.5
"ECUADOR:  GONZANAMA, SAN PEDRO, MOLLETURE",1913,2,24,-3.4,-79.6,NA,7.7
PERU:  AREQUIPA,1913,7,28,-16.6,-73.3,NA,7
"PERU:  CARAVELI, CHUQUIBAMBA, OCONA, ATICO",1913,8,6,-17,-74,NA,7.9
"PERU:  AMYARAES, ABANCAY, CASAYA, SORAYA",1913,11,4,-14.2,-72.9,150,6.3
CHILE:  OFF CENTRAL COAST,1914,1,30,-35,-73,NA,7.6
PERU:  AREQUIPA,1914,2,26,-17,-72,NA,7.2
ECUADOR:  MONTE PULLERINA,1914,5,31,-0.2,-78.2,NA,5.8
PERU:  S,1915,6,6,-18.5,-68.5,NA,7.6
ARGENTINA,1916,6,21,-28.5,-63,NA,7.5
BOLIVIA-NORTHERN CHILE,1916,8,25,-21,-68,NA,7.5
"COLOMBIA:  BOGOTA, UBAQUE, SOACHA, CAQUEZA",1917,8,31,4,-74,3,7.3
CHILE:  NORTHERN,1918,5,20,-28.5,-71.5,NA,7.9
CHILE:  COPIAPO,1918,12,4,-26,-71,NA,7.8
CHILE:  OFF COAST CENTRAL,1920,8,20,-38,-73.5,NA,7
ARGENTINA:  MENDOZA,1920,12,17,-32.7,-68.4,400,6
PERU,1921,12,18,-2.5,-71,NA,7.6
PERU,1922,1,6,-16.5,-73,NA,7.2
"COLOMBIA:  CAQUETA, PUTUMAYO",1922,1,16,2.5,-71,NA,7.6
PERU,1922,1,17,-2.5,-71,NA,7.6
BRAZIL: SAO PAULO,1922,1,27,-22.17,-47.04,1,5.1
PERU:  CARAVELI,1922,10,11,-16,-72.5,NA,7.4
CHILE:  ATACAMA,1922,11,11,-28.293,-69.852,700,8.5
ECUADOR,1923,2,24,-0.4,-78.3,NA,6.8
CHILE:  VALLENAR,1923,5,4,-28.75,-71.75,NA,7
COLOMBIA:  IPIALES,1923,12,14,0.87,-77.78,300,6.2
"COLOMBIA:  GACHALA,GACHETA,UBALA,MEDINA",1923,12,22,4.64,-73.36,7,5.9
ECUADOR,1924,3,3,-1.6,-78.6,NA,6.9
CHILE:  NORTHERN,1925,5,15,-26,-71.5,NA,7.1
CHILE:  VALLENAR,1926,12,9,-28,-71,NA,6
CHILE:  SOUTHERN,1927,11,21,-44.6,-73,NA,7.1
PERU,1928,4,9,-13,-69.5,10,6.9
PERU:  ESQUILAYA,1928,4,27,-13,-69.5,NA,6.8
"PERU:  CHACAHPOYAS,HUANCABAMBA,CAJAMARCA,PINPINCOS",1928,5,14,-5.435,-78.665,29,7.3
PERU,1928,7,18,-5.5,-79,NA,7
CHILE:  NORTHERN,1928,11,20,-22.5,-70.5,NA,7.1
"CHILE:  TALCA, CHILLAN, SANTIAGO, SAN FERNANDO",1928,12,1,-35,-72,279,7.6
VENEZUELA: CUMANA,1929,1,17,10.5,-64.2,50,6.9
CHILE,1929,10,19,-23,-69,NA,7.5
ARGENTINA:  LA POMA,1930,12,24,-24.7,-66.3,39,6
CHILE:  NORTHERN,1930,12,29,-28.5,-71,NA,6
CHILE:  CENTRAL,1931,3,18,-32.5,-72,NA,7.1
PERU,1932,1,20,-12,-77.5,NA,6.8
CHILE,1933,2,23,-20,-71,NA,7.6
ECUADOR,1933,10,2,-2,-81,NA,6.9
CHILE,1933,11,3,-22,-70.5,NA,5.5
"CHILE:  IQUIQUE, PISAGUA, SAPIGA, NEGRERO",1934,12,4,-19.5,-69.5,NA,6.9
COLOMBIA:  FUNES,1935,8,7,1.11,-77.34,8,6.1
COLOMBIA,1936,1,9,1.1,-77.6,250,5.6
CHILE:  TALTAL,1936,7,13,-24.5,-70,1,7.3
"PERU:  HUANCABAMBA,OXAPAMPA,EL PROGRESO,SAN DAVID",1937,12,24,-10.637,-76.562,15,6.5
COLOMBIA: EJE CAFETERO,1938,2,5,4.68,-75.69,6,7
"ECUADOR:  ALANGASI,SANGOLQUI,TINGO-PICHINCHA",1938,8,10,-0.3,-78.4,NA,7
CHILE:  CHILLAN,1939,1,25,-36.25,-72.25,30000,8.3
CHILE:  NORTH CENTRAL,1939,4,18,-27,-70.5,NA,7.4
PERU,1940,5,24,-10.5,-77,179,8.2
CHILE:  NORTHERN,1940,10,4,-22,-71,NA,7.3
CHILE:  SOUTH CENTRAL,1940,10,11,-41.5,-74.5,NA,7
ECUADOR:  GUAYAQUIL,1942,5,14,-0.75,-81.5,200,7.9
COLOMBIA,1942,5,22,4.6,-74.5,NA,5.8
"PERU:  ICA, NAZCA",1942,8,24,-15,-76,30,8.2
ECUADOR:  GUAYAQUIL,1943,1,30,-2.1,-80.5,NA,6.9
"PERU:  YANACOA, PAMPAMARCA",1943,1,31,-14.2,-71.5,75,5
CHILE:  ILLAPEL,1943,4,6,-30.75,-72,11,8.2
ARGENTINA:  SAN JUAN PROVINCE,1944,1,15,-31.5,-68.5,NA,7.8
ECUADOR: COTOPAXI,1944,9,15,-0.498,-78.75,NA,5.5
CHILE:  NORTHERN,1946,8,2,-26.5,-70.5,2,7.9
PERU:  PISCO,1946,9,30,-14,-76.25,NA,7
"PERU: JOCAIBAMBA,CERRO ANGASCHAJ,CERRO SILLAPATA",1946,11,10,-8.5,-77.5,NA,7.3
COLOMBIA:  PASTO,1947,7,14,1.3,-77.23,2,6
"PERU:  SATIPO,ANDAMARCA,ACOBAMBA,LA MERCED,VICTOC",1947,11,1,-10.5,-75,NA,7.3
"PERU:  AREQUIPA,MOQUEGUA,TACNA,TORATA,QUELLAVECO",1948,5,11,-17.4,-71,NA,7.1
PERU:  CANETE,1948,5,28,-13.1,-76.2,NA,6.8
CHILE:  ANTOFAGASTA,1948,12,26,-22.5,-69,NA,7
"CHILE:  ANGOL, TRAIGUEN",1949,4,20,-38,-73.5,57,7.3
ECUADOR: TUNGURAHUA,1949,8,5,-1.237,-78.305,6000,6.5
CHILE:  TIERRA DEL FUEGO,1949,12,17,-54,-71,1,7.8
CHILE:  TIERRA DEL FUEGO,1949,12,17,-54,-71,3,7.8
CHILE:  SOUTHERN,1950,1,30,-53.5,-71.5,NA,7
PERU,1950,5,16,-15,-69.5,NA,7.9
PERU:  CUSCO,1950,5,21,-13.5,-72,NA,6
COLOMBIA:  ANBOLEDAS,1950,7,9,7.79,-72.61,300,6.1
VENEZUELA: EL TOCUYO,1950,8,3,9.71,-69.819,100,6.4
ECUADOR,1950,8,5,-1.5,-78.2,NA,6.8
CHILE-ARGENTINA,1950,12,9,-23.5,-67.5,1,8
"PERU:  ICA,CHIMBOTE,HUARAZ,CAJAMARCA,CUZCO,MOQUEGUA",1950,12,10,-14.25,-75.75,4,7
PERU,1951,5,16,-15,-69.5,NA,7.9
PERU-BOLIVIA,1952,2,26,-14.1,-69.9,NA,7.5
PERU:  LIMA,1953,2,15,-12,-77.5,NA,5.5
"CHILE:  CHILLAN, CONCEPCION",1953,5,6,-36.5,-72.5,9,7.6
CHILE:  NORTHERN,1953,12,7,-22.1,-68.7,NA,7.4
PERU-ECUADOR,1953,12,12,-3.4,-80.6,6,7.4
CHILE,1955,4,19,-30,-72,1,7.1
COLOMBIA-ECUADOR,1955,7,20,0.2,-78.4,NA,6
CHILE,1956,1,8,-19,-70,NA,7.1
ECUADOR,1956,1,16,-0.5,-80.5,NA,7.3
CHILE:  ANTOFAGASTA,1957,7,29,-23.5,-71.5,NA,7
BOLIVIA:  S,1957,11,29,-21,-66,NA,7.8
PERU: AREQUIPA,1958,1,15,-16.5,-72,NA,7.3
COLOMBIA-ECUADOR,1958,1,19,1.5,-79.5,115,7.6
COLOMBIA-ECUADOR,1958,2,1,2,-79,NA,6.9
PERU:  S,1958,7,26,-13.5,-69,NA,7.5
CHILE-ARGENTINA,1958,9,4,-33.785,-70.112,NA,6.8
PERU-ECUADOR,1959,2,7,-4,-81.5,NA,7.4
BOLIVIA-NORTHERN CHILE,1959,6,14,-20.369,-68,1,7.5
"PERU:  AREQUIPA,CHUQUIBAMBA,CARAVELI,COTAHUASI",1960,1,13,-15.75,-72.75,63,7.8
"PERU:  LIMA,NAZCA,ICA,HUANCAVELIC,PALPA,HUAITARA",1960,1,15,-15,-75,NA,7
CHILE:  CENTRAL,1960,5,21,-37.872,-73.243,NA,8.2
"CHILE:  PUERTO MONTT, VALDIVIA",1960,5,22,-38.143,-73.407,2226,9.5
CHILE:  CONCEPCION,1960,11,1,-38.5,-75.1,NA,7.4
PERU,1960,11,20,-6.8,-80.7,66,6.7
COLOMBIA: NORTHEASTERN COLOMBIA,1961,6,16,8.9,-73.4,NA,6.5
PERU,1961,8,31,-10.5,-70.7,NA,7.5
"CHILE:  VALDIVIA, CURICO",1961,10,18,-36.7,-73,NA,6.5
COLOMBIA: EJE CAFETERO,1961,12,20,4.49,-75.51,23,6.8
CHILE:  CENTRAL,1962,2,14,-37.8,-72.5,NA,7.3
"PERU:  CASMA,HUARAZ,QUIRUVILCA,TRUJILLO",1962,4,18,-10,-79,NA,6.3
"COLOMBIA:  MISTRATO, MANIZALES",1962,7,30,5.2,-76.4,47,6.8
PERU:  S,1963,8,15,-13.8,-69.3,NA,7.7
"PERU:  HUAYLLACAYAN,CAJACAY,MALYAS,MALVAS,HUARAZ",1963,9,24,-10.385,-78.022,1,7
BRAZIL: ACRE,1963,11,9,-9.127,-71.483,NA,7.6
CHILE:  NORTHERN,1965,2,23,-25.67,-70.63,NA,7
CHILE:  CENTRAL,1965,3,22,-31.81,-71.26,NA,6
CHILE:  CENTRAL,1965,3,28,-32.4,-71.2,NA,7.3
CHILE:  SOUTHERN,1965,10,3,-42.9,-75.13,NA,6.5
COLOMBIA,1966,9,4,4.62,-73.98,6,5.3
VENEZUELA,1966,9,19,10.8,-69.5,NA,5
"PERU:  LIMA,HUACHO,HUAURA, CHANCAY,SUPE,SAN NICOLAS",1966,10,17,-10.748,-78.638,110,8.1
"CHILE:  TALTAL, CATALINA",1966,12,28,-25.5,-70.7,3,7.8
"COLOMBIA:  HUILA, NEIVA, RIVERA,SAN ANTONIO",1967,2,9,2.85,-74.8,98,7
COLOMBIA,1967,7,29,6.747,-73.03,20,6.8
VENEZUELA,1967,7,30,10.559,-67.33,300,6.6
PERU:  OFF COAST,1967,9,3,-10.6,-79.8,NA,7
CHILE:  NORTHERN,1967,11,15,-28.78,-71.19,NA,5.9
CHILE:  NORTHERN,1967,12,21,-21.7,-69.5,1,7.5
"PERU:  SAN MARTIN,MOYOBAMBA,YANTALO,RIOJA,LAMAS",1968,6,19,-5.6,-77.2,NA,7
VENEZUELA:  CARUPANO,1968,9,20,10.697,-62.748,3,6.5
"PERU:  LAMPA-JUNIN,HUAYTAPALLANA",1969,7,24,-11.9,-75.1,NA,5.9
ITALY:  PERUGIA,1969,8,11,43.2,12.4,NA,4.7
"PERU:  HUAYTAPALLANA, LAMPA, CHILIFRUTA",1969,10,1,-11.7,-75.1,NA,6.2
"ECUADOR:  SASQUISILI, PUJILI, LATACUNGA",1969,12,17,-0.8,-78.3,NA,4.2
"PERU:  PANAO,CHACLLA,QUERO,AYLLAMARCA,LA LINDA",1970,2,14,-9.9,-75.6,12,5.4
"PERU: NORTHERN, PISCO, CHICLAYO",1970,5,31,-9.2,-78.8,66794,7.9
CHILE:  SOUTHERN,1970,6,14,-52,-73.8,NA,6
CHILE:  NORTHERN,1970,6,19,-22.28,-70.55,NA,6.4
"CANADA:  QUEEN CHARLOTTE ISLANDS, BRITISH COLOMBIA",1970,6,24,51.8,-131,NA,7.5
PERU:  JUIN  PROVINCE FELT ARGENTINA TO MEXICO CITY,1970,7,31,-1.5,-72.6,1,7.1
COLOMBIA:  BAHIA SOLANO,1970,9,26,6.2,-77.6,NA,6.6
CHILE:  NORTHERN,1970,11,28,-20.94,-69.81,NA,6
PERU:  N;  ECUADOR:  S,1970,12,10,-4,-80.7,82,7.6
"CHILE:  CATALINA, ANTOFAGASTA",1971,6,17,-25.5,-69.2,1,6.3
CHILE:  CENTRAL,1971,7,9,-32.5,-71.2,83,7.8
PERU-ECUADOR:  GUAYAQUIL,1971,7,27,-2.7,-77.4,1,6.3
PERU:  APURIMAC,1971,10,15,-14.1,-73.3,5,5.7
PERU:  JUANJUI,1972,3,20,-6.8,-76.8,NA,6.1
CHILE:  CENTRAL,1972,6,8,-30.5,-71.8,NA,6.6
CHILE:  CENTRAL,1972,12,29,-30.6,-71,NA,5.4
"COLOMBIA; SAN CRISTOBAL, VENEZUELA",1973,4,24,4.956,-78.144,1,6.5
"CHILE:  VALPARAISO, LA LIGUA, SANTIAGO",1973,10,5,-32.5,-71.5,NA,6.7
"PERU:  LIMA, YAUYOS",1974,1,5,-12.3,-76.35,10,6.3
"COLOMBIA:  NE, CEPITA, SAN ANDREAS",1974,4,18,6.89,-72.93,4,5
VENEZUELA,1974,6,12,10.56,-63.38,5,6.1
ARGENTINA:  LOS TOLDOS,1974,7,1,-22.124,-64.638,NA,5.9
"COLOMBIA: BOGOTA, CALI, PEREIRA",1974,7,13,7.75,-77.69,11,7.3
"CHILE:  LA UNION, VALDIVIA",1974,8,18,-38.5,-73.4,NA,7.1
"PERU:  LIMA, CALLAO",1974,10,3,-12.27,-77.79,78,8.1
"CHILE:  COQUIMBO, LA SERENA",1975,3,13,-29.9,-71.3,2,6.9
VENEZUELA,1975,4,5,10.04,-69.75,3,6.1
CHILE:  CENTRAL,1975,5,10,-38.18,-73.23,NA,7.7
ECUADOR:  ESMERALDOS,1976,4,9,0.78,-79.8,10,6.7
"CHILE:  POZO ALMONTE, OFICINA VICTORIA, ARICA",1976,11,30,-20.52,-68.92,1,7.3
"COLOMBIA:  APARTADO, MEDELLIN",1977,8,31,7.34,-76.3,3,6.5
ARGENTINA:  SAN JUAN PROVINCE:  MENDOZA,1977,11,23,-31.03,-67.77,70,7.4
CHILE:  NORTHERN:  COPIAPO-TALTAI,1978,8,3,-26.51,-70.54,NA,7
PERU:  AREQUIPA,1979,2,16,-16.39,-72.658,18,6.9
COLOMBIA:  MANIZALES-ARMENIA,1979,11,23,4.805,-76.217,72,6.4
"COLOMBIA: OFF SHORE, PACIFIC OCEAN",1979,12,12,1.555,-79.276,600,8.1
"ECUADOR:  W, GUAYAQUIL",1980,8,18,-1.948,-80.017,8,5.6
PERU:  S CENTRAL,1980,11,12,-13.347,-74.545,7,4.9
VENEZUELA:  E,1980,11,26,8.045,-72.441,NA,5
PERU:  AYACUCHO,1981,4,18,-13.144,-74.376,8,4.8
PERU:  CENTRAL,1981,6,22,-13.166,-74.522,10,5.2
"CHILE:  OFF CENTRAL COAST, LAS CRUCES",1981,10,16,-33.134,-73.074,1,7.5
VENEZUELA-N COLOMBIA,1981,10,18,8.117,-72.527,15,5.4
"PERU:  COAST, LUNAHUANA, LIMA, HUANCAYO",1982,3,28,-12.69,-76.065,3,6.1
ITALY:  PERUGIA,1982,10,17,43.164,12.586,NA,4.4
"COLOMBIA:  SW, POPAYAN",1983,3,31,2.461,-76.686,350,4.9
PERU:  CHIMBOTE,1983,4,12,-4.843,-78.103,10,6.5
CHILE:  NORTHERN:  COPOAPO-CHANARAL,1983,10,4,-26.535,-70.563,5,7.3
ITALY:  CENTRAL:  :PERUGIA-ASSISSI-GUBBIO,1984,4,29,43.26,12.558,3,5.3
"ARGENTINA:  WEST CENTRAL, MENDOZA, LA LIGUA",1985,1,26,-33.053,-68.467,6,6.9
"CHILE:  CENTRAL COAST, SAN ANTONIO, VALPARAISO",1985,3,3,-33.132,-71.708,180,8
"CHILE:  VALPARAISO, VINA DEL MAR",1985,3,17,-32.663,-71.551,1,6.6
"CHILE:  NEAR CENTRAL COAST, SANTIAGO-VALPARAISO",1985,4,9,-34.131,-71.618,2,7.5
PERU:  COAST:  CHIMBOTE,1985,8,21,-9.159,-78.887,NA,6.1
"PERU:  HUARMEY, CASMA, HUARAX, CHIMBOTE",1986,1,11,-9.505,-77.512,1,5.3
PERU:  CUZCO,1986,4,5,-13.41,-71.785,16,4.6
VENEZUELA,1986,6,11,10.597,-62.928,2,6.2
"VENEZUELA:  CHURUGUARA,  FALCON, LARA",1986,7,18,10.77,-69.428,1,4.9
"BRAZIL:  JOAO CAMARA, NATAL",1986,11,30,-5.494,-35.769,1,4.8
"CHILE:  CENTRAL, VALPARAISO",1986,12,19,-33.071,-72.084,NA,5
"CHILE:  ANTOFAGASTA, ARICA",1987,3,5,-24.388,-70.161,1,7.3
"ECUADOR:  NAPO PROVINCE, QUITO, TULCAN",1987,3,6,0.083,-77.785,5000,7.2
"CHILE:  ARICA, IQUIQUE",1987,8,8,-19.022,-69.991,5,6.9
"CHILE:  ARICA; PERU:  AREQUIPA, TACNA",1987,8,13,-17.897,-70.931,1,6.4
"ECUADOR:  AMBATO, LATACUNGA, RIOBAMBA",1987,9,22,-0.978,-78.05,2,6.2
"PERU:  SANTAOG DE CHUCO, TRUJILLO, CHIMBOTE",1987,10,2,-8.143,-77.954,3,5.1
CHILE:  TALTAL,1988,2,5,-24.753,-70.433,NA,6.7
"VENEZUELA:  FALCON, CARABOBO, CARACAS",1989,5,4,11.038,-68.27,NA,5.2
"ECUADOR:  ESMERALDAS, GUAYAQUIL",1989,6,25,1.134,-79.616,NA,6.1
PERU:  MOYABAMBA-RIOJO,1990,5,30,-6.016,-77.229,200,6.5
"PERU:  N, RIOJA, MOYOBAMBA, IQUITOS",1990,6,9,-6.062,-77.136,1,4.9
"ECUADOR:  PAMASQUI,  QUITO",1990,8,11,-0.059,-78.449,4,4.4
"PERU:  RIOJA, NEUVA CAJAMARCA",1991,4,4,-6.038,-77.13,NA,6.4
"PERU:  RIOJA, MOYOBAMBA, NUEVA CAJAMARCA",1991,4,5,-5.982,-77.094,53,6.7
"PERU:  MACA, CHIVAY, YANQUE",1991,7,23,-15.679,-71.574,92,4.7
VENEZUELA:  BARQUISIMETO,1991,8,17,10.045,-69.948,NA,5.2
"COLOMBIA:  CHACO, BUENAVENTURA, CALI",1991,11,19,4.554,-77.442,2,6.4
"COLOMBIA:  MURINDO, CALI",1992,10,17,6.845,-76.806,NA,7
"COLOMBIA:  MURINDO, APARTADO, MEDELLIN",1992,10,18,7.075,-76.862,11,7.4
PERU:  LIMA,1993,4,18,-11.652,-76.53,6,6.3
"COLOMBIA:  CAUCA, HUILA",1994,6,6,2.917,-76.057,650,6.8
"BOLIVIA-PERU: AREQUIPA, FELT IN N AND S AMERICA",1994,6,9,-13.841,-67.553,5,8.2
"COLOMBIA:  BOGOTA, MANIZALES, MIRAFLORES",1995,1,19,5.05,-72.916,7,6.5
"COLOMBIA:  CALI, PEREIRA, ARMENIA, CALARCA",1995,2,8,4.104,-76.622,45,6.4
"CHILE:  ANTOFAGASTA, CALAMA, MEJILLONES",1995,7,30,-23.34,-70.294,3,8
ECUADOR:  QUITO,1995,10,3,-2.75,-77.881,2,7
CHILE:  NEAR CENTRAL COAST,1995,11,1,-28.906,-71.417,NA,6.7
"PERU:  NORTHERN:  CHIMBOTE, CALLAO",1996,2,21,-9.593,-79.587,12,7.5
"ECUADOR:  COTOPAXI, PASTAZA, TUNGURAHUA, AMBATO",1996,3,28,-1.036,-78.737,27,5.9
CHILE:  EASTER ISLAND REGION,1996,9,5,-22.118,-113.436,NA,6.9
"PERU:  CHINCHA ALTA, ACARI, NAZCA, MARCONA",1996,11,12,-14.993,-75.675,14,7.7
VENEZUELA:  CARIACO-CUMANA,1997,7,9,10.598,-63.486,81,7
"CHILE:  PUEBLO NUEVO, COQUIMBO, LA CHIMBA",1997,10,15,-30.933,-71.22,8,7.1
"BOLIVIA:  CENTRAL:  AIQUILE, TOTORA",1998,5,22,-17.731,-65.431,105,6.6
"ECUADOR:  BAHIA DE CARAQUEZ, CANOA",1998,8,4,-0.593,-80.393,3,7.2
"COLOMBIA:  ARMENIA, CALARCA, PEREIRA, CALDAS, HUILA",1999,1,25,4.461,-75.724,1185,6.2
"PERU:  CAMANA, AREQUIPA",1999,4,3,-16.66,-72.662,1,6.8
"PERU:  CHUSCHI, CANGALLo, HUANCAPI",1999,10,31,-13.64,-74.43,NA,4.4
PANAMA-COLOMBIA:  JURADO,2000,11,8,7.042,-77.829,NA,6.5
"PERU:  AREQUIPA, MOQUEGUA, TACNA, AYACUCHO",2001,6,23,-16.265,-73.641,103,8.4
"PERU:  CARAVELI, CHALA, ARICA, IQUIQUE, PARINACOTA",2001,7,5,-16.086,-73.987,NA,6.6
"PERU:  AREQUIPA, ARICA",2001,7,7,-17.543,-72.077,1,7.6
PERU:  ANTABAMA,2001,8,9,-14.258,-72.683,4,5.8
"CHILE: NORTHERN: CUYA, HUARA, IQUIQUE, POZO ALMONTE",2002,1,14,-19.384,-69.231,NA,5.6
"CHILE:  CENTRAL:  COQUIMBO, LA SERENA, OVALLE",2002,4,1,-29.67,-71.384,NA,6.4
"CHILE:  COPIAPO, TALTAL",2002,4,18,-27.535,-70.586,NA,6.6
"ARGENTINA:  AMINGA, ANILLACO, AGUA BLANCA, CHUQUIS",2002,5,28,-28.937,-66.797,NA,6
"CHILE:  OVALLE, COQUIMBO; ARGENTINA:  SAN JUAN",2003,6,20,-30.608,-71.637,NA,6.8
CHILE: CANETE,2004,5,3,-37.695,-73.406,NA,6.6
"CHILE: CARAHUE, IMPERIAL, TEMUCO",2004,6,15,-38.854,-73.155,NA,5.9
ARGENTINA: CATAMARCA,2004,9,7,-28.573,-65.84,1,6.1
"COLOMBIA:  BAJO BAUDO, BUENAVENTURA, CERRITO",2004,11,15,4.695,-77.508,NA,7.2
"ECUADOR:  NEAR WEST COAST:  PUERTO LOPEZ, SALANGO",2005,1,24,-1.364,-80.785,NA,6.1
CHILE:  TARAPACA,2005,6,13,-19.987,-69.197,11,7.7
CHILE:  TARAPACA,2005,8,14,-19.78,-68.98,NA,5.8
"PERU:  LAMAS, CHACHAPOYAS, MOYOBAMBA, TARAPOTA",2005,9,26,-5.678,-76.398,5,7.5
PERU:  MOQUEGUA,2005,10,1,-16.635,-70.794,NA,5.3
ECUADOR:  BAEZA,2005,10,24,-0.507,-77.745,NA,4.8
PERU:  N,2005,10,31,-5.852,-78.704,NA,5.4
ARGENTINA:  MENDOZA,2006,8,5,-33.131,-68.707,NA,5.6
PERU:  CENTRAL,2006,10,20,-13.457,-76.677,NA,6.7
"COLOMBIA:  CAUCA, SOTARA, PURACE,",2007,3,6,2.082,-76.495,NA,5
CHILE:  SOUTHERN,2007,4,21,-45.243,-72.648,10,6.2
ECUADOR:  ZARUMA,2007,7,13,-3.987,-79.836,NA,4.5
"PERU:  ICA, PISCO, LIMA",2007,8,15,-13.386,-76.603,514,8
"COLOMBIA:  NARINO, EL CHARCO, ISCUANDE, LA TOLA",2007,9,10,2.982,-77.967,NA,6.8
"CHILE:  TOCOPILLA, MARIA ELENA",2007,11,14,-22.247,-69.89,2,7.7
PERU-ECUADOR:  GUAYAQUIL,2007,11,16,-2.312,-77.838,NA,6.8
BRAZIL:  MINAS GERAIS,2007,12,9,-15.048,-44.231,1,4.6
"CHILE:  OFF CENTRAL COAST, VINA DEL MAR, VALPARAISO",2007,12,15,-32.689,-71.695,NA,5.9
BRAZIL:  SOBRAL,2008,2,29,-3.7,-40.35,NA,4.3
PERU:  OFF COAST,2008,3,29,-12.178,-77.164,NA,5.3
"COLOMBIA:  META, QUETAME",2008,5,24,4.33,-73.764,6,5.6
"PERU:  CENTRAL:  OXAPAMPA, HUANCABAMBA",2008,7,1,-10.368,-75.512,NA,5.5
PERU:  AREQUIPA,2008,7,8,-15.986,-71.748,1,6.2
VENEZUELA:  CARIACO-CUMANA,2008,8,11,10.514,-64.171,NA,5.2
ARGENTINA:  POTRERILLOS,2008,12,10,-32.938,-69.259,NA,4.1
PERU:  PACCHA,2009,1,21,-11.779,-75.626,NA,4.6
VENEZUELA:  CARABOBO,2009,9,12,10.705,-67.92,NA,6.3
ECUADOR:  TENA,2009,10,9,-0.962,-77.817,NA,5.4
VENEZUELA:  SIQUISIQUE,2009,11,27,10.434,-69.715,NA,5.4
VENEZUELA:  CARIACO,2010,1,15,10.454,-63.475,NA,5.5
"CHILE:  MAULE, CONCEPCION, TALCAHUANO",2010,2,27,-36.122,-72.898,558,8.8
ARGENTINA:  SALTA,2010,2,27,-24.872,-65.602,2,6.3
CHILE:  RANCAGUA,2010,3,11,-34.29,-71.891,NA,6.9
PERU:  TACNA,2010,5,6,-18.058,-70.547,NA,6.2
"ECUADOR:  MANTA, GUAYAQUIL, LOJA",2010,8,12,-1.266,-77.306,NA,7.1
CHILE:  OFF COAST CENTRAL,2011,2,11,-36.474,-73.125,NA,6.8
MYANMAR:  TACHILEK,2011,3,24,20.687,99.822,104,6.8
PERU:  SAN VICENTE DE CANETE,2011,10,28,-14.438,-75.966,1,6.9
ECUADOR:  POMASQUI,2011,10,29,-0.13,-78.37,NA,4
PERU:  ICA,2012,1,30,-14.168,-75.635,NA,6.4
"CHILE:  PARRAL, SANTIAGO",2012,3,25,-35.2,-72.217,1,7.2
CHILE:  VALPARAISO,2012,4,17,-32.625,-71.365,2,6.7
CHILE:  ARICA; PERU:  TACNA,2012,5,14,-17.678,-69.591,NA,6.3
BRAZIL:  MONTES CLAROS,2012,5,19,-16.764,-43.999,NA,4.1
"COLOMBIA:  CAUCA, NARINO, VALLE DEL CAUCA, RISARALDA",2013,2,9,1.135,-77.393,NA,7
PERU:  S,2013,2,22,-15.748,-71.425,NA,5.3
PERU:  AREQUIPA,2013,9,25,-15.839,-74.511,NA,7.1
COLOMBIA:  SIPI,2014,1,5,4.557,-76.644,NA,5.5
CHILE:  IQUIQUE,2014,3,16,-19.981,-70.702,NA,6.7
"CHILE:  NORTHERN:  IQUIQUE, ALTO HOSPICIO",2014,4,1,-19.61,-70.769,7,8.2
CHILE:  NORTHERN:  IQUIQUE,2014,4,3,-20.571,-70.493,NA,7.7
ECUADOR:  QUITO,2014,8,12,-0.018,-78.322,3,5.1
PERU:  PARURO PROVINCE,2014,9,28,-13.843,-71.695,8,4.9
CHILE: EASTER ISLAND REGION,2014,10,9,-32.108,-110.811,NA,7
PERU:  AREQUIPA:  CAYLLOMA:  CABANACONDE,2015,2,28,-15.7,-71.99,NA,4.8
"COLOMBIA:  ANTIOQUIA, SANTANDER",2015,3,10,6.776,-72.988,NA,6.2
COLOMBIA-PANAMA:  COLOMBIA:  UNGUIA,2015,7,29,8.231,-77.315,NA,5.9
CHILE:  CENTRAL,2015,9,16,-31.573,-71.674,15,8.3
ARGENTINA:  GALPON,2015,10,17,-25.467,-64.484,2,5.8
VENEZUELA:  MERIDA,2015,11,7,8.467,-71.396,1,5.3
CHILE:  LA SERENA,2015,11,11,-29.507,-72.007,NA,6.9
VENEZUELA:  MERIDA,2015,11,22,8.522,-71.387,1,5.1
PERU-BRAZIL,2015,11,24,-10.537,-70.944,NA,7.6
PERU-BRAZIL,2015,11,24,-10.06,-71.018,NA,7.6
"ECUADOR:  NEAR WEST COAST: MANABI, ESMERALDAS",2016,4,16,0.382,-79.922,663,7.8
ECUADOR:  MANABI PROVINCE,2016,5,18,0.495,-79.616,1,6.9
PERU:  AREQUIPA,2016,8,15,-15.654,-72.009,9,5.5
"PERU:  PUNO, LAMPA",2016,12,1,-15.312,-70.827,1,6.2
ECUADOR:  ESMERALDAS,2016,12,19,0.875,-79.708,3,5.4
CHILE,2016,12,25,-43.406,-73.941,NA,7.6
COLOMBIA:  HUILA,2017,2,6,3.449,-74.672,NA,5.5
CHILE:  VALPARAISO,2017,4,24,-33.038,-72.062,NA,6.9
PERU:  AREQUIPA,2017,7,18,-16.416,-73.636,1,6.4
CHILE:  SANTIAGO,2017,8,2,-33.212,-70.626,1,5.4
PERU: AREQUIPA,2017,8,11,-16.299,-73.474,1,5.6
PERU:  JUNIN,2017,8,13,-10.721,-74.566,1,5.8
PERU: YAUCA,2018,1,14,-15.768,-74.709,2,7.1
ECUADOR:  PASTAZA,2018,1,31,-1.744,-77.672,1,5.2
VENEZUELA:  MERIDA,2018,4,3,8.346,-71.719,NA,4.9
COLOMBIA:  PASTO,2018,6,12,1.067,-77.272,2,4.9
VENEZUELA:  SUCRE; TRINIDAD,2018,8,21,10.773,-62.902,5,7.3
"CHILE:  COQUIMBO, LA SERENA",2019,1,20,-30.04,-71.382,2,6.7
"COLOMBIA:  CAUCA, HUILA",2019,1,26,3.035,-75.738,1,5.6
"ECUADOR: AZUAY, MANABI, MORONA SANT.; PERU",2019,2,22,-2.186,-77.051,1,7.5
PERU:  AREQUIPA,2019,3,1,-14.713,-70.155,1,7
"PERU:  LA LIBERTAD, CAJAMARCA; ECUADOR",2019,5,26,-5.796,-75.298,2,8
CHILE:  COQUIMBO,2019,6,14,-30.056,-72.082,NA,6.4
CHILE:  SOUTH CENTRAL,2019,9,26,-40.815,-72.002,1,6.1
CHILE:  CONCEPCION,2019,9,29,-35.473,-73.162,1,6.8
PERU:  COAST:  CHIMBOTE,2020,6,7,-9.634,-78.591,1,4.5
CHILE:  OFF COAST CENTRAL,2020,12,27,-39.343,-74.99,NA,6.7
ARGENTINA:  SAN JUAN PROVINCE,2021,1,19,-31.83,-68.806,NA,6.4
"COLOMBIA: MEDELLIN, BETULIA",2021,3,1,6.239,-76.098,2,5.1
PERU: CANETE: MALA,2021,6,23,-12.687,-76.721,1,5.8
PERU:  PIURA,2021,7,30,-4.934,-80.602,NA,6.2
PERU:  AMAZONAS,2021,11,28,-4.49,-76.846,NA,7.5
ECUADOR:  ESMERALDAS,2022,3,27,0.909,-79.589,1,5.8
"PERU: LIMA, CALLAO, CHILCA",2022,5,12,-12.36,-76.89,2,5.4
PERU: PUNO,2022,5,26,-14.863,-70.308,NA,7.2
"PERU: MOQUEGUA, AREQUIPA",2022,7,12,-16.783,-71.31,NA,5.5
ECUADOR: GUAYAS,2022,7,14,-2.04,-79.811,1,5.7
PERU:  PIURA,2022,10,5,-4.912,-80.56,1,5.8
"ECUADOR: AZUAY, EL ORO, GUAYAS;  PERU: TUMBES",2023,3,18,-2.837,-79.844,15,6.8
"COLOMBIA: BOGOTA, BOYACA, CUNDINAMARCA, META,",2023,8,17,4.418,-73.511,2,6.3
